id,price,quantity,order_id,product_id
25,4289900,1,16,186
26,1699000,1,17,197
27,1587900,1,17,241
28,2299000,1,18,437
29,499000,1,18,297
44,1623300,1,42,5
45,4899000,1,42,113
46,1290000,1,43,338
47,390000,2,43,412
48,468900,1,44,296
49,1799000,1,44,443
50,169000,1,45,401
51,1799000,1,45,443
52,990000,1,46,42
53,1312900,1,46,147
54,2609200,1,47,352
55,499000,1,47,297
56,1699000,1,47,197
57,1312900,1,48,147
58,667900,1,48,116
59,1799000,1,49,443
60,390000,1,49,412
61,4899000,1,49,113
62,1799000,1,50,443
63,390000,1,50,412
64,499000,1,51,297
65,169000,1,51,401
66,990000,1,52,42
67,1699000,1,52,197
68,1330000,2,53,2
